{"cameraMode":{"drawMode":0,"name":"Shaded","section":"Shading Mode"},"sceneLighting":true,"audioPlay":false,"sceneViewState":{"m_AlwaysRefresh":false,"showFog":true,"showSkybox":true,"showFlares":true,"showImageEffects":true,"showParticleSystems":true,"showVisualEffectGraphs":true,"m_FxEnabled":true},"in2DMode":false,"pivot":{"x":-3.8412342071533205,"y":-0.6795361042022705,"z":-6.727558135986328},"rotation":{"x":-0.014813752844929695,"y":0.981332004070282,"z":-0.08441468328237534,"w":-0.17219218611717225},"size":11.372152328491211,"orthographic":false}