{"cameraMode":{"drawMode":0,"name":"Shaded","section":"Shading Mode"},"sceneLighting":true,"audioPlay":false,"sceneViewState":{"m_AlwaysRefresh":false,"showFog":true,"showSkybox":true,"showFlares":true,"showImageEffects":true,"showParticleSystems":true,"showVisualEffectGraphs":true,"m_FxEnabled":true},"in2DMode":false,"pivot":{"x":-0.19495218992233277,"y":0.011762210167944432,"z":-0.06744714826345444},"rotation":{"x":-0.28250613808631899,"y":0.3547305762767792,"z":-0.1133604645729065,"w":-0.8840299844741821},"size":7.974426746368408,"orthographic":false}